Workbook
Name SegmentaçãodeDados_Demanda: #N/A

Sheet Dif_PF_retorno
A1: Demanda | B1: PF | C1: PF_IA | D1: EscopoResumido | E1: ResumoErros | F1: Data contagem | G1: %Erro | H1: Diferenca | I1: Justificativa | J1: Minimo_PF | K1: Minimo_PF_IA | L1: Maximo_PF | M1: Maximo_PF_IA | N1: Media_PF | O1: Media_PF_IA | P1: Mediana_PF | Q1: Mediana_PF_IA | R1: Desvio_PF | S1: Desvio_PF_IA | T1: %Erro_Total | U1: Diferenca_Total | V1: Justification
A2: AA1 | B2: 4.6 | C2: 25 | D2: EmissÃ£o de Nota em lote, | E2: Excel -> AIE; ConfirmaÃ§Ã£o emissÃ£o -> SE; Download template - CE; Lista de erros na emissÃ£o -> CE | F2: 46209 | G2: 443.47826 | H2: 20.4 | I2: Erro: subestimei complexidade e itens. | J2: 3.68 | K2: 4 | L2: 9.6 | M2: 46 | N2: 6.43 | O2: 23.166667 | P2: 5.75 | Q2: 21.5 | R2: 2.5378337 | S2: 15.53598 | T2: 260.29031 | U2: 100.42 | V2: Error: I underestimated the complexity and the items.
A3: AA2 | B3: 4.6 | C3: 35 | D3: EmissÃ£o de nota manual | E3: Estrutura de dado nÃ£o encontrada no escopo -> Ali validaÃ§Ã£o CNPJ -> AIE ValidaÃ§Ã£o municipio -> AIE EmissÃ£o de mensagem de erro -> SE EmissÃ£o de mensagem de confirmaÃ§Ã£o -> SE | F3: 46209 | G3: 660.86957 | H3: 30.4 | I3: Subestimei complexidade e ignorei funções. | J3: 3.68 | K3: 4 | L3: 9.6 | M3: 46 | N3: 6.43 | O3: 23.166667 | P3: 5.75 | Q3: 21.5 | R3: 2.5378337 | S3: 15.53598 | T3: 260.29031 | U3: 100.42 | V3: I underestimated the complexity and ignored functions.
A4: AA3 | B4: 9.2 | C4: 46 | D4: Consultar nota XML e crÃ­ticas | E4: Filtros para se executar consulta -> EE Botao de aÃ§Ã£o do filtro -> EE Foram contados saida externa e consulta externa para as funcionalidades de consultar XML e consultar crÃ­ticas, As funcionalidades procedem entretanto Ã© contada apenas uma vez pela tÃ©cnica, -> CE e SE 2x Base de Notas e crÃ­ticas -> ALI (que sÃ³ foram consultadas) Mensagem vivo ->AIE IntegraÃ§Ã£o prefeitura ,> AIE | F4: 46209 | G4: 400 | H4: 36.8 | I4: Contei apenas parte das funções. | J4: 3.68 | K4: 4 | L4: 9.6 | M4: 46 | N4: 6.43 | O4: 23.166667 | P4: 5.75 | Q4: 21.5 | R4: 2.5378337 | S4: 15.53598 | T4: 260.29031 | U4: 100.42 | V4: I measured only part of the functions.
A5: AA4 | B5: 3.68 | C5: 4 | D5: Consultar menu | E5: A IA ficou com dÃºvida se a funcionalidade era 3 ou 4 PFs, Coloquei o maior valor, | F5: 46209 | G5: 8.6956522 | H5: 0.32 | I5: Esqueci de arredondar o resultado. | J5: 3.68 | K5: 4 | L5: 9.6 | M5: 46 | N5: 6.43 | O5: 23.166667 | P5: 5.75 | Q5: 21.5 | R5: 2.5378337 | S5: 15.53598 | T5: 260.29031 | U5: 100.42 | V5: I forgot to round the result.
A6: AA5 | B6: 6.9 | C6: 18 | D6: Consulta telas de links (6 telas) | E6: Consulta externa para consultar telas fixas, com hiperlinks, | F6: 46209 | G6: 160.86957 | H6: 11.1 | I6: Não somei todos os pontos de função. | J6: 3.68 | K6: 4 | L6: 9.6 | M6: 46 | N6: 6.43 | O6: 23.166667 | P6: 5.75 | Q6: 21.5 | R6: 2.5378337 | S6: 15.53598 | T6: 260.29031 | U6: 100.42 | V6: I didn't add up all the function points.
A7: AA6 | B7: 9.6 | C7: 11 | D7: Parametrizar acesso | E7: Itens parametrizados contados como se houvesse alteraÃ§Ã£o no desenvolvimento das funÃ§Ãµes, | F7: 46209 | G7: 14.583333 | H7: 1.4 | I7: Subestimei a complexidade. | J7: 3.68 | K7: 4 | L7: 9.6 | M7: 46 | N7: 6.43 | O7: 23.166667 | P7: 5.75 | Q7: 21.5 | R7: 2.5378337 | S7: 15.53598 | T7: 260.29031 | U7: 100.42 | V7: I underestimated the complexity.

Sheet Tabelas-English
A1: PF | C1: IA PF | F1: Demanda | G1: Justification | L1: Rótulos de Linha | M1: PF | N1: PF AI
A2: Soma PF | C2: Soma PF IA | F2: AA3 | G2: I measured only part of the functions. | L2: AA3 | M2: 9.2 | N2: 46
A3: 38.58 | C3: 139 | L3: Total Geral | M3: 9.2 | N3: 46
A4: =A3 -> 38.58 | C4: =C3 -> 139
A5: Média PF | C5: Média PF IA
A6: 6.43 | C6: 23.166667
A7: =A6 -> 6.43 | C7: =C6 -> 23.166667
A8: Mín. PF | C8: Mín. PF IA
A9: 3.68 | C9: 4 | F9: =IF(F2= 0,"",F2) -> AA3 | G9: =IF(G2= 0,"",G2) -> I measured only part of the functions. | H9: =CONCATENATE(F9,IF(F9=""," ","-"),G9) -> AA3-I measured only part of the functions.
A10: =A9 -> 3.68 | C10: =C9 -> 4 | F10: =IF(F3= 0,"",F3) | G10: =IF(G3=0,"",G3) | H10: =CONCATENATE(F10,IF(F10=""," ","-"),G10)
A11: Máx. PF | C11: Máx. PF IA | F11: =IF(F4= 0,"",F4) | G11: =IF(G4=0,"",G4) | H11: =CONCATENATE(F11,IF(F11=""," ","-"),G11) | L11: Rótulos de Linha | M11: %Error | N11: Diference
A12: 9.6 | C12: 46 | F12: =IF(F5= 0,"",F5) | G12: =IF(G5=0,"",G5) | H12: =CONCATENATE(F12,IF(F12=""," ","-"),G12) | L12: AA3 | M12: 400 | N12: 36.8
A13: =A12 -> 9.6 | C13: =C12 -> 46 | F13: =IF(F6= 0,"",F6) | G13: =IF(G6=0,"",G6) | H13: =CONCATENATE(F13,IF(F13=""," ","-"),G13) | L13: Total Geral | M13: 400 | N13: 36.8
A14: %Erro | C14: Diferença | F14: =IF(F7= 0,"",F7) | G14: =IF(G7=0,"",G7) | H14: =CONCATENATE(F14,IF(F14=""," ","-"),G14)
A15: 281.41606 | C15: 100.42
A16: =A15 -> 281.41606 | C16: =C15 -> 100.42 | H16: =CONCATENATE(H9,CHAR(10),H10,CHAR(10),H11,CHAR(10),H12,CHAR(10),H13,CHAR(10),H14) -> AA3-I measured only part of the functions.

Sheet Tabelas
A1: PF | C1: IA PF | F1: Demanda | G1: Justificativa | L1: Rótulos de Linha | M1: Soma de PF | N1: Soma de PF_IA
A2: Soma PF | C2: Soma PF IA | F2: AA1 | G2: Erro: subestimei complexidade e itens. | L2: AA3 | M2: 9.2 | N2: 46
A3: 38.58 | C3: 139 | F3: AA2 | G3: Subestimei complexidade e ignorei funções. | L3: AA2 | M3: 4.6 | N3: 35
A4: =A3 -> 38.58 | C4: =C3 -> 139 | F4: AA3 | G4: Contei apenas parte das funções. | L4: AA1 | M4: 4.6 | N4: 25
A5: Média PF | C5: Média PF IA | F5: AA4 | G5: Esqueci de arredondar o resultado. | L5: AA5 | M5: 6.9 | N5: 18
A6: 6.43 | C6: 23.166667 | F6: AA5 | G6: Não somei todos os pontos de função. | L6: AA6 | M6: 9.6 | N6: 11
A7: =A6 -> 6.43 | C7: =C6 -> 23.166667 | F7: AA6 | G7: Subestimei a complexidade. | L7: AA4 | M7: 3.68 | N7: 4
A8: Mín. PF | C8: Mín. PF IA | L8: Total Geral | M8: 38.58 | N8: 139
A9: 3.68 | C9: 4 | F9: =IF(F2= 0,"",F2) -> AA1 | G9: =IF(G2= 0,"",G2) -> Erro: subestimei complexidade e itens. | H9: =CONCATENATE(F9,IF(F9=""," ","-"),G9) -> AA1-Erro: subestimei complexidade e itens.
A10: =A9 -> 3.68 | C10: =C9 -> 4 | F10: =IF(F3= 0,"",F3) -> AA2 | G10: =IF(G3=0,"",G3) -> Subestimei complexidade e ignorei funções. | H10: =CONCATENATE(F10,IF(F10=""," ","-"),G10) -> AA2-Subestimei complexidade e ignorei funções.
A11: Máx. PF | C11: Máx. PF IA | F11: =IF(F4= 0,"",F4) -> AA3 | G11: =IF(G4=0,"",G4) -> Contei apenas parte das funções. | H11: =CONCATENATE(F11,IF(F11=""," ","-"),G11) -> AA3-Contei apenas parte das funções. | L11: Rótulos de Linha | M11: %Erro | N11: Diferença
A12: 9.6 | C12: 46 | F12: =IF(F5= 0,"",F5) -> AA4 | G12: =IF(G5=0,"",G5) -> Esqueci de arredondar o resultado. | H12: =CONCATENATE(F12,IF(F12=""," ","-"),G12) -> AA4-Esqueci de arredondar o resultado. | L12: AA1 | M12: 443.47826 | N12: 20.4
A13: =A12 -> 9.6 | C13: =C12 -> 46 | F13: =IF(F6= 0,"",F6) -> AA5 | G13: =IF(G6=0,"",G6) -> Não somei todos os pontos de função. | H13: =CONCATENATE(F13,IF(F13=""," ","-"),G13) -> AA5-Não somei todos os pontos de função. | L13: AA2 | M13: 660.86957 | N13: 30.4
A14: %Erro | C14: Diferença | F14: =IF(F7= 0,"",F7) -> AA6 | G14: =IF(G7=0,"",G7) -> Subestimei a complexidade. | H14: =CONCATENATE(F14,IF(F14=""," ","-"),G14) -> AA6-Subestimei a complexidade. | L14: AA3 | M14: 400 | N14: 36.8
A15: 281.41606 | C15: 100.42 | L15: AA4 | M15: 8.6956522 | N15: 0.32
A16: =A15 -> 281.41606 | C16: =C15 -> 100.42 | H16: =CONCATENATE(H9,CHAR(10),H10,CHAR(10),H11,CHAR(10),H12,CHAR(10),H13,CHAR(10),H14) -> AA1-Erro: subestimei complexidade e itens. AA2-Subestimei complexidade e ignorei funções. AA3-Contei apenas parte das funções. AA4-Esqueci de arredondar o resultado. AA5-Não somei todos os pontos de função. AA6-Subestimei a complexidade. | L16: AA5 | M16: 160.86957 | N16: 11.1
F17: Demanda | G17: Justificativa | L17: AA6 | M17: 14.583333 | N17: 1.4
F18: AA1 | G18: Erro: subestimei complexidade e itens. | L18: Total Geral | M18: 281.41606 | N18: 100.42
F19: AA2 | G19: Subestimei complexidade e ignorei funções.
F20: AA3 | G20: Contei apenas parte das funções.
F21: AA4 | G21: Esqueci de arredondar o resultado.
F22: AA5 | G22: Não somei todos os pontos de função.
F23: AA6 | G23: Subestimei a complexidade.

Sheet Dash-English
A1: DASHBOARD Real Function Point (PF) x AI Functional Point (PFAI)
B2: Sum PF | C2: Average PF | D2: Min PF | E2: Max PF | F2: % Error | G2: Diference | H2: Sum PF AI | I2: Average PF AI | J2: Min AI | K2: Max AI
B3: ='Tabelas-English'!A4 -> 38.58 | C3: ='Tabelas-English'!A7 -> 6.43 | D3: ='Tabelas-English'!A10 -> 3.68 | E3: ='Tabelas-English'!A13 -> 9.6 | F3: ='Tabelas-English'!A16 -> 281.41606 | G3: ='Tabelas-English'!C16 -> 100.42 | H3: ='Tabelas-English'!C4 -> 139 | I3: ='Tabelas-English'!C7 -> 23.166667 | J3: ='Tabelas-English'!C10 -> 4 | K3: ='Tabelas-English'!C13 -> 46

Sheet Dash-Portuguese
A1: DASHBOARD Ponto de Função Real (PF) x Ponto de Função IA (PFIA)
B2: =Tabelas!A2 -> Soma PF | C2: =Tabelas!A5 -> Média PF | D2: =Tabelas!A8 -> Mín. PF | E2: =Tabelas!A11 -> Máx. PF | F2: =Tabelas!A14 -> %Erro | G2: =Tabelas!C14 -> Diferença | H2: =Tabelas!C2 -> Soma PF IA | I2: =Tabelas!C5 -> Média PF IA | J2: =Tabelas!C8 -> Mín. PF IA | K2: =Tabelas!C11 -> Máx. PF IA
B3: =Tabelas!A4 -> 38.58 | C3: =Tabelas!A7 -> 6.43 | D3: =Tabelas!A10 -> 3.68 | E3: =Tabelas!A13 -> 9.6 | F3: =Tabelas!A16 -> 281.41606 | G3: =Tabelas!C16 -> 100.42 | H3: =Tabelas!C4 -> 139 | I3: =Tabelas!C7 -> 23.166667 | J3: =Tabelas!C10 -> 4 | K3: =Tabelas!C13 -> 46
